kind,source_file,source_line,match_text,target_day,target_page,target_file,anchor_present,decision,notes,context
concrete,content/appendix/00-welcome.qmd,15,Day 3 page 36,3,36,content/days/day-03/10-introduction-to-the-funnel-experiment.qmd,Y,,,"**Before Day 3.** The more important task here is to prepare for the Funnel Experiment: see Day 2 pages 43–44 and Day 3 page 36. However, you may also find it useful to print a separate copy of Day..."
concrete,content/appendix/00-welcome.qmd,15,Day 3 page 19,3,19,content/days/day-03/06-six-processes.qmd,Y,,,"**Before Day 3.** The more important task here is to prepare for the Funnel Experiment: see Day 2 pages 43–44 and Day 3 page 36. However, you may also find it useful to print a separate copy of Day..."
concrete,content/appendix/00-welcome.qmd,17,Day 5 page 28,5,28,,N,,,"**Before Day 6.** For some extra pages of printing for your convenience during Day 6’s Major Activity, etc: see Day 5 page 28. On this page there is also a reminder to prepare for “your organisatio..."
concrete,content/appendix/00-welcome.qmd,19,Day 7 page 36,7,36,,N,,,**Before Day 8.** For some extra copies to aid you in Day 8’s Major Activity: see Day 7 page 36 and Day 8 page 3.
concrete,content/appendix/00-welcome.qmd,19,Day 8 page 3,8,3,,N,,,**Before Day 8.** For some extra copies to aid you in Day 8’s Major Activity: see Day 7 page 36 and Day 8 page 3.
concrete,content/appendix/00-welcome.qmd,21,Day 8 page 28,8,28,,N,,,"**Before Day 9.** For just a little extra printing, mostly to aid you in Day 9’s Major Activity: see Day 8 page 28."
concrete,content/appendix/00-welcome.qmd,25,Day 10 page 33,10,33,,N,,,**Before Day 11.** For details of preparation for the second half of the Second Project: see Day 10 page 33.
concrete,content/appendix/00-welcome.qmd,27,Day 11 page 36,11,36,,N,,,**Before Day 12.** For a little equipment and one or more copies or enlargements: see Day 11 page 36.
concrete,content/appendix/01-day-1.qmd,9,Day 1 page 8,1,8,content/days/day-01/03-statistics.qmd,Y,,,"In the “Springboard” article just mentioned on Day 1 page 8, as indeed in much of my other writing, I have largely followed the guidance of Dr Donald J Wheeler by using some language which is diffe..."
concrete,content/appendix/01-day-1.qmd,9,Day 1 page 6,1,6,content/days/day-01/02-rediscovered.qmd,Y,,,"In the “Springboard” article just mentioned on Day 1 page 8, as indeed in much of my other writing, I have largely followed the guidance of Dr Donald J Wheeler by using some language which is diffe..."
concrete,content/appendix/01-day-1.qmd,13,Day 1 page 6,1,6,content/days/day-01/02-rediscovered.qmd,Y,,,"In extract from *EST* on Day 1 page 6, I referred to the control chart (process behaviour chart) as being “a remarkable statistical technique which, to all intents and purposes, was unknown at the ..."
concrete,content/appendix/01-day-1.qmd,15,Day 1 page 5,1,5,content/days/day-01/03-statistics.qmd,Y,,,"If, either now or subsequently, you wish to obtain more substantial help and guidance on constructing and interpreting control charts than is included in my Springboard article or during this cours..."
concrete,content/appendix/01-day-1.qmd,17,Day 1 page 7,1,7,content/days/day-01/03-statistics.qmd,Y,,,"But now let us return to the first paradox summarised on Day 1 page 7: the apparently strange matter of neither the all-important tool of the control chart nor its creator, Dr Shewhart, even being ..."
concrete,content/appendix/01-day-1.qmd,49,Day 1 page 32,1,32,,N,,,"Three quick notes here. Firstly, Deming’s use of the terms “common cause” and “special cause” will be described this afternoon. However, if you’d like to check on that now, see “bare bones” 3 and 4..."
concrete,content/appendix/01-day-1.qmd,77,Day 1 page 11,1,11,,N,,,*(Continue on Day 1 page 11.)*
concrete,content/appendix/01-day-1.qmd,87,Day 1 page 21,1,21,,N,,,*(Return to Day 1 page 21 or continue on Day 1 page 22.)*
concrete,content/appendix/01-day-1.qmd,87,Day 1 page 22,1,22,,N,,,*(Return to Day 1 page 21 or continue on Day 1 page 22.)*
concrete,content/appendix/01-day-1.qmd,95,Day 1 page 41,1,41,,N,,,I venture to suggest that if just this one message coming from Dr Deming’s teaching were generally understood and appreciated then this world would be a better place. The emphasis would move away f...
concrete,content/appendix/02-day-2.qmd,21,Day 2 page 7,2,7,,N,,,*(Return to Day 2 page 7 or continue on Day 2 page 8.)*
concrete,content/appendix/02-day-2.qmd,21,Day 2 page 8,2,8,,N,,,*(Return to Day 2 page 7 or continue on Day 2 page 8.)*
concrete,content/appendix/02-day-2.qmd,29,Day 2 page 8,2,8,,N,,,*(Return to Day 2 page 8 or continue on Day 2 page 9.)*
concrete,content/appendix/02-day-2.qmd,29,Day 2 page 9,2,9,,N,,,*(Return to Day 2 page 8 or continue on Day 2 page 9.)*
concrete,content/appendix/02-day-2.qmd,37,Day 2 page 16,2,16,,N,,,*(Return to Day 2 page 16.)*
concrete,content/appendix/02-day-2.qmd,88,Day 2 page 27,2,27,,N,,,*(Continue on Day 2 page 27.)*
concrete,content/appendix/02-day-2.qmd,94,Day 2 page 34,2,34,,N,,,*(Return to Day 2 page 34.)*
concrete,content/appendix/02-day-2.qmd,98,Day 2 page 37,2,37,,N,,,*(Return to Day 2 page 37.)*
concrete,content/appendix/02-day-2.qmd,121,Day 2 page 34,2,34,,N,,,*(Return to Day 2 page 34.)*
concrete,content/appendix/02-day-2.qmd,138,Day 2 page 37,2,37,,N,,,*(Return to Day 2 page 37.)*
concrete,content/appendix/02-day-2.qmd,152,Day 1 page 25,1,25,content/days/day-01/08-attraction.qmd,Y,,,But take a look back at Activity 1–e (Day 1 page 25 *[WB 4]*) concerning the manager of the call-centre. What were your answers? The question there was in effect the same: how much variation away f...
concrete,content/appendix/02-day-2.qmd,154,Day 1 page 17,1,17,,N,,,"This is a very common phenomenon (no pun intended!). Even when people get to understand the concept of common-cause variation, they almost always hopelessly underestimate how large it is, often by ..."
concrete,content/appendix/02-day-2.qmd,154,Day 1 page 18,1,18,,N,,,"This is a very common phenomenon (no pun intended!). Even when people get to understand the concept of common-cause variation, they almost always hopelessly underestimate how large it is, often by ..."
concrete,content/appendix/02-day-2.qmd,190,Day 2 page 38,2,38,,N,,,*(Return to Day 2 page 38.)*
concrete,content/appendix/02-day-2.qmd,222,Day 2 page 43,2,43,,N,,,*(Return to Day 2 page 43.)*
concrete,content/appendix/03-day-3.qmd,21,Day 3 page 4,3,4,,N,,,*(Return to Day 3 page 4 or continue on Day 3 page 5.)*
concrete,content/appendix/03-day-3.qmd,21,Day 3 page 5,3,5,,N,,,*(Return to Day 3 page 4 or continue on Day 3 page 5.)*
concrete,content/appendix/03-day-3.qmd,38,Day 3 page 18,3,18,,N,,,*(Return to Day 3 page 18.)*
concrete,content/appendix/03-day-3.qmd,44,Day 3 page 37,3,37,,N,,,I have chosen to show you a couple of those simulations that demonstrate rather well both the similarities which typically occur and the kind of differences which *may* occur. (The sequences of dic...
concrete,content/appendix/03-day-3.qmd,74,Day 3 page 48,3,48,,N,,,"Rule 3's behaviour is clearly catastrophic—though did you suspect that such would be the case when (as recalled on the previous page) we may have initially regarded it as an ""apparently rather inno..."
concrete,content/appendix/03-day-3.qmd,82,Day 3 page 56,3,56,,N,,,*(Return to the bottom of Day 3 page 56.)*
concrete,content/appendix/03-day-3.qmd,90,Day 3 page 21,3,21,,N,,,"Apart from the feature of possibly wandering off to relatively enormous distances from wherever it starts, there is another aspect of Rule 4 which is often seen in real-world processes. This is tha..."
concrete,content/appendix/03-day-3.qmd,90,Day 3 page 19,3,19,content/days/day-03/06-six-processes.qmd,Y,,,"Apart from the feature of possibly wandering off to relatively enormous distances from wherever it starts, there is another aspect of Rule 4 which is often seen in real-world processes. This is tha..."
concrete,content/appendix/03-day-3.qmd,94,Day 3 page 27,3,27,,N,,,"Now of course, in a sense, part of this discussion has become academic: in practice, when either Rule 3 or 4 behaviour starts to become at all extreme then it will surely be noticed and some kind o..."
concrete,content/appendix/03-day-3.qmd,98,Day 3 page 24,3,24,,N,,,"Regarding the control limits, there are two influences with Rule 2 that will widen the gap between them. Firstly, there is the approximately 40% increase in variation compared with Rule 1. Secondly..."
concrete,content/appendix/03-day-3.qmd,104,Day 3 page 57,3,57,,N,,,*(Return to Day 3 page 57 or continue on Day 3 page 58.)*
concrete,content/appendix/03-day-3.qmd,104,Day 3 page 58,3,58,,N,,,*(Return to Day 3 page 57 or continue on Day 3 page 58.)*
concrete,content/appendix/03-day-3.qmd,154,Day 3 page 58,3,58,,N,,,"*(Finally, see the bottom of Day 3 page 58.)*"
concrete,content/appendix/04-day-4.qmd,13,Day 4 page 4,4,4,,N,,,*(Return to Day 4 page 4.)*
concrete,content/appendix/04-day-4.qmd,17,Day 4 page 5,4,5,,N,,,*(Return to Day 4 page 5.)*
concrete,content/appendix/04-day-4.qmd,21,Day 4 page 5,4,5,,N,,,*(Return to Day 4 page 5.)*
concrete,content/appendix/04-day-4.qmd,35,Day 4 page 10,4,10,,N,,,*(Return to Day 4 page 10 or continue on Day 4 page 11.)*
concrete,content/appendix/04-day-4.qmd,35,Day 4 page 11,4,11,,N,,,*(Return to Day 4 page 10 or continue on Day 4 page 11.)*
concrete,content/appendix/04-day-4.qmd,51,Day 4 page 16,4,16,,N,,,*(Return to Day 4 page 16.)*
concrete,content/appendix/04-day-4.qmd,53,Day 1 page 22,1,22,,N,,,"Secondly, the more general lesson to learn from the words ""the need for"" in Point 3 is as follows. Although it may be feasible to start work on adopting some of the 14 Points and on designing the c..."
concrete,content/appendix/04-day-4.qmd,55,Day 4 page 20,4,20,,N,,,*(Return to Day 4 page 20.)*
concrete,content/appendix/05-day-5.qmd,31,Day 4 page 25,4,25,,N,,,"All One Team implies working together for the benefit of all. But fear results in our working narrowly for what we see as personal survival, and ""Devil take the hindmost"". This is more ""suboptimisa..."
concrete,content/appendix/05-day-5.qmd,89,Day 6 page 13,6,13,,N,,,"Most (if not all) of us know people who have particular skills, abilities, imagination and inspiration that provide invaluable contributions to what we and others can do. But do they not still need..."
concrete,content/appendix/05-day-5.qmd,115,Day 1 page 20,1,20,,N,,,"Remember Dr Deming's familiar observation: [""Quality is made at the top""]{.deming_quote} (which was discussed on Day 1 page 20 *[WB 1]* in the very first Pause for Thought) or equivalently, on othe..."
concrete,content/appendix/05-day-5.qmd,119,Day 4 page 25,4,25,,N,,,"All One Team means what it says. Many approaches to quality improvement involve formation of teams, maybe lots of them—but, as previously observed (during Point 5 on Day 4 page 25 *[WB 65]*), the t..."
concrete,content/appendix/06-day-7.qmd,15,Day 7 page 4,7,4,,N,,,*(Return to Day 7 page 4.)*
concrete,content/appendix/06-day-7.qmd,27,Day 7 page 13,7,13,,N,,,*(Return to Day 7 page 13.)*
concrete,content/appendix/06-day-7.qmd,35,Day 7 page 18,7,18,,N,,,*(Return to Day 7 page 18.)*
concrete,content/appendix/06-day-7.qmd,49,Day 7 page 28,7,28,,N,,,*(Return to Day 7 page 28.)*
concrete,content/appendix/06-day-7.qmd,57,Day 7 page 28,7,28,,N,,,*(Return to Day 7 page 28.)*
concrete,content/appendix/06-day-7.qmd,67,Day 7 page 29,7,29,,N,,,*(Return to Day 7 page 29.)*
concrete,content/appendix/06-day-7.qmd,75,Day 7 page 29,7,29,,N,,,*(Return to Day 7 page 29.)*
concrete,content/appendix/06-day-7.qmd,87,Day 7 page 30,7,30,,N,,,*(Return to Day 7 page 30.)*
concrete,content/appendix/06-day-7.qmd,93,Day 7 page 30,7,30,,N,,,*(Return to Day 7 page 30.)*
concrete,content/appendix/06-day-7.qmd,101,Day 7 page 31,7,31,,N,,,*(Return to Day 7 page 31.)*
concrete,content/appendix/06-day-7.qmd,109,Day 7 page 31,7,31,,N,,,*(Return to Day 7 page 31.)*
concrete,content/appendix/06-day-7.qmd,119,Day 7 page 32,7,32,,N,,,*(Return to Day 7 page 32.)*
concrete,content/appendix/06-day-7.qmd,127,Day 1 page 33,1,33,content/days/day-01/11-deming-story.qmd,Y,,,"I refer you yet again to the final ""bare bone"" of the ten in Shewhart's Breakthrough (Day 1 page 33)."
concrete,content/appendix/06-day-7.qmd,129,Day 7 page 32,7,32,,N,,,*(Return to Day 7 page 32.)*
concrete,content/appendix/06-day-7.qmd,139,Day 7 page 33,7,33,,N,,,*(Return to Day 7 page 33.)*
concrete,content/appendix/06-day-7.qmd,149,Day 7 page 33,7,33,,N,,,*(Return to Day 7 page 33.)*
concrete,content/appendix/06-day-7.qmd,159,Day 7 page 34,7,34,,N,,,*(Return to Day 7 page 34.)*
concrete,content/appendix/06-day-7.qmd,169,Day 7 page 34,7,34,,N,,,*(Return to Day 7 page 34.)*
concrete,content/appendix/06-day-7.qmd,183,Day 7 page 35,7,35,,N,,,*(Return to Day 7 page 35.)*
concrete,content/appendix/06-day-7.qmd,193,Day 7 page 35,7,35,,N,,,*(Return to Day 7 page 35.)*
concrete,content/appendix/07-day-9.qmd,13,Day 9 page 7,9,7,,N,,,*(Return to Day 9 page 7.)*
concrete,content/appendix/07-day-9.qmd,19,Day 9 page 12,9,12,,N,,,*(Return to Day 9 page 12.)*
concrete,content/appendix/08-day-10.qmd,27,Day 10 page 24,10,24,,N,,,"But the links are stronger still. In one of my seminars I often used a slide which simply shows the Joiner Triangle with two words inscribed in the middle: ""Reduce variation"". For that is intimatel..."
concrete,content/appendix/09-day-11.qmd,15,Day 1 page 39,1,39,content/days/day-01/11-deming-story.qmd,Y,,,"But, since the links with the Joiner Triangle are not quite so all-embracing here as in the first two parts of the System of Profound Knowledge, I'll now make some references to particular Points a..."
concrete,content/appendix/09-day-11.qmd,15,Day 5 page 14,5,14,,N,,,"But, since the links with the Joiner Triangle are not quite so all-embracing here as in the first two parts of the System of Profound Knowledge, I'll now make some references to particular Points a..."
concrete,content/appendix/10-optional-extras.qmd,19,Day 7 page 26,7,26,,N,,,"A useful start is a sentence from Day 7 page 26: [""If you are uncomfortable with the use of the concept of 'distribution' … , you can simply think in terms of a histogram having roughly the shape i..."
concrete,content/appendix/10-optional-extras.qmd,123,Day 4 page 16,4,16,,N,,,"[]{#sec-page50}So Deming's statement is guidance for us to focus instead on what would be *best*, and work steadily to get closer and closer to it. It's called ""continual improvement"". [""Create con..."
concrete,content/appendix/10-optional-extras.qmd,123,Day 5 page 18,5,18,,N,,,"[]{#sec-page50}So Deming's statement is guidance for us to focus instead on what would be *best*, and work steadily to get closer and closer to it. It's called ""continual improvement"". [""Create con..."
concrete,content/appendix/10-optional-extras.qmd,135,Day 3 page 1,3,1,,N,,,"Then recall the simple example on Day 3 page 1. I observed that changing the *average* of my process there would be very easy. And, in my experience, it is indeed very often the case that changing ..."
concrete,content/appendix/contributions-balaji-reddie/05-coda.qmd,13,Day 6 page 16,6,16,,N,,,"Dr Deming touched many lives both directly and indirectly. One amongst those, as you know from Day 6, was James McIngvale of Gallery Furniture. I finished my series of short newspaper articles (on ..."
concrete,content/appendix/contributions-balaji-reddie/06-lessons-from-history.qmd,146,Day 9 page 22,9,22,,N,,,"After writing so much on what can and does go wrong, let's return to the System of Profound Knowledge. In case you might find it helpful, I would like to give you my own brief summary, rather along..."
concrete,content/appendix/contributions-balaji-reddie/06-lessons-from-history.qmd,146,Day 12 page 9,12,9,,N,,,"After writing so much on what can and does go wrong, let's return to the System of Profound Knowledge. In case you might find it helpful, I would like to give you my own brief summary, rather along..."
concrete,content/appendix/contributions-balaji-reddie/07-indias-missed-opportunity.qmd,11,Day 1 page 33,1,33,content/days/day-01/11-deming-story.qmd,Y,,,"In 1936, when he was in England studying the theory of statistics with Sir Ronald Fisher at London's University College, he befriended a very famous Indian statistician by the name of Prashanta Cha..."
concrete,content/appendix/optional-extras/00-introduction.qmd,92,Day 1 page 6,1,6,content/days/day-01/02-rediscovered.qmd,Y,,,But there were exceptions. On Day 1 page 6 I said:
concrete,content/appendix/optional-extras/01-part-a-funnel-charts.qmd,23,Day 3 page 47,3,47,,N,,,"So, what are those ""various possibilities"" of what you might do next? The most challenging approach would be to throw you in at the deep end and simply suggest you construct control charts of your ..."
concrete,content/appendix/optional-extras/01-part-a-funnel-charts.qmd,23,Day 3 page 16,3,16,,N,,,"So, what are those ""various possibilities"" of what you might do next? The most challenging approach would be to throw you in at the deep end and simply suggest you construct control charts of your ..."
concrete,content/appendix/optional-extras/01-part-a-funnel-charts.qmd,23,Day 3 page 17,3,17,,N,,,"So, what are those ""various possibilities"" of what you might do next? The most challenging approach would be to throw you in at the deep end and simply suggest you construct control charts of your ..."
concrete,content/appendix/optional-extras/01-part-a-funnel-charts.qmd,33,Day 3 page 47,3,47,,N,,,"So now go ahead with Rules 1 and 2 using the data you generated on Day 3. Again, your Rule 1 (Ford's Second Strategy) data are on Day 3 page 47 *[WB 40]* and the data from Rule 2 (Ford's First Stra..."
concrete,content/appendix/optional-extras/01-part-a-funnel-charts.qmd,33,Day 3 page 44,3,44,,N,,,"So now go ahead with Rules 1 and 2 using the data you generated on Day 3. Again, your Rule 1 (Ford's Second Strategy) data are on Day 3 page 47 *[WB 40]* and the data from Rule 2 (Ford's First Stra..."
concrete,content/appendix/optional-extras/01-part-a-funnel-charts.qmd,53,Day 3 page 19,3,19,content/days/day-03/06-six-processes.qmd,Y,,,"So, in both cases, compute the positions of the Central Line and control limits from the data over your chosen baseline and draw them in on your run chart. Now, it's not impossible that in either o..."
concrete,content/appendix/optional-extras/01-part-a-funnel-charts.qmd,53,Day 3 page 19,3,19,content/days/day-03/06-six-processes.qmd,Y,,,"So, in both cases, compute the positions of the Central Line and control limits from the data over your chosen baseline and draw them in on your run chart. Now, it's not impossible that in either o..."
concrete,content/appendix/optional-extras/01-part-a-funnel-charts.qmd,59,Day 3 page 18,3,18,,N,,,"I hope you will have found it helpful to gain that additional experience of constructing and interpreting control charts. However, to be fair, Funnel Experiment data are not the best kinds of data ..."
concrete,content/appendix/optional-extras/01-part-a-funnel-charts.qmd,59,Day 3 page 19,3,19,content/days/day-03/06-six-processes.qmd,Y,,,"I hope you will have found it helpful to gain that additional experience of constructing and interpreting control charts. However, to be fair, Funnel Experiment data are not the best kinds of data ..."
concrete,content/appendix/optional-extras/01-part-a-funnel-charts.qmd,71,Day 3 page 19,3,19,content/days/day-03/06-six-processes.qmd,Y,,,"![Two short Rule 1 control charts: both baselines show a stable process with Central Line around 30 and control limits spanning roughly 20 to 40, reminiscent of the stable processes shown on Day 3 ..."
concrete,content/appendix/optional-extras/01-part-a-funnel-charts.qmd,73,Day 3 page 19,3,19,content/days/day-03/06-six-processes.qmd,Y,,,"In the long versions of the control charts I've coloured in green the sections following the baseline, i.e. after the positions of the control limits have been calculated, drawn in and then extende..."
concrete,content/appendix/optional-extras/01-part-a-funnel-charts.qmd,75,Day 3 page 19,3,19,content/days/day-03/06-six-processes.qmd,Y,,,"![Two long Rule 1 control charts, each continuing the baseline (red) with a green extension to 50 points; both remain comfortably inside the control limits throughout, closely resembling the stable..."
concrete,content/appendix/optional-extras/01-part-a-funnel-charts.qmd,79,Day 3 page 5,3,5,,N,,,"Rule 2 is the case where, as we know both from the Ford example and from your own work in the Major Activity, the situation is undesirable compared with Rule 1, in particular suffering from approxi..."
concrete,content/appendix/optional-extras/01-part-a-funnel-charts.qmd,81,Day 3 page 9,3,9,,N,,,"> Mind you, the histogram indicates that quite a few were uncomfortably close to the edges of the specifications. In fact (as observed on Day 3 page 9), if you count carefully, that histogram appea..."
concrete,content/appendix/optional-extras/01-part-a-funnel-charts.qmd,87,Day 3 page 19,3,19,content/days/day-03/06-six-processes.qmd,Y,,,"Again let's look first at the short control charts of the two simulations. The second one does not appear to have anything much to tell us, but I suggest the first one does. There are two features ..."
concrete,content/appendix/optional-extras/01-part-a-funnel-charts.qmd,87,Day 3 page 19,3,19,content/days/day-03/06-six-processes.qmd,Y,,,"Again let's look first at the short control charts of the two simulations. The second one does not appear to have anything much to tell us, but I suggest the first one does. There are two features ..."
concrete,content/appendix/optional-extras/01-part-a-funnel-charts.qmd,87,Day 3 page 24,3,24,,N,,,"Again let's look first at the short control charts of the two simulations. The second one does not appear to have anything much to tell us, but I suggest the first one does. There are two features ..."
concrete,content/appendix/optional-extras/01-part-a-funnel-charts.qmd,91,Day 3 page 19,3,19,content/days/day-03/06-six-processes.qmd,Y,,,"And, as becomes very clear, in the first simulation the experiment this effect continues all the way through the complete control chart. Even in the second simulation (see the chart at the top of t..."
concrete,content/appendix/optional-extras/01-part-a-funnel-charts.qmd,131,Day 3 page 13,3,13,,N,,,"That question was largely addressed in the ""How do we compute those control limits—and why?"" section beginning on Day 3 page 13. There we argued how moving ranges can often succeed pretty well in m..."
concrete,content/appendix/optional-extras/01-part-a-funnel-charts.qmd,131,Day 3 page 15,3,15,,N,,,"That question was largely addressed in the ""How do we compute those control limits—and why?"" section beginning on Day 3 page 13. There we argued how moving ranges can often succeed pretty well in m..."
concrete,content/appendix/optional-extras/02-part-b-subgrouped.qmd,41,Day 3 page 13,3,13,,N,,,"Also as previously, we are likely to be interested in some way of measuring the *variation* of the numbers in our subgroup. On Day 3 we became familiar with the idea of using *moving ranges* for th..."
concrete,content/appendix/optional-extras/02-part-b-subgrouped.qmd,107,Day 3 page 21,3,21,,N,,,"Before considering the details, it would be useful to take a look at part of the rather famous hand-drawn *X̄-R* chart of which we have already seen something as the fifth of the ""Six Processes"" br..."
concrete,content/appendix/optional-extras/03-part-c-ne-er-twain.qmd,11,Day 1 page 6,1,6,content/days/day-01/02-rediscovered.qmd,Y,,,"Well, the twain *may* meet—but there's often a serious problem when they do: neither can understand what the other is talking about! The ""twain"" to whom I am referring are students from what we mig..."
concrete,content/appendix/optional-extras/05-part-e-normality.qmd,11,Day 1 page 8,1,8,content/days/day-01/03-statistics.qmd,Y,,,"But what about those control-chart constants like 2.66? Now, some nice mathematics *is* needed in order to derive them. And it is true that they are derived using the model of a normal distribution..."
concrete,content/appendix/optional-extras/05-part-e-normality.qmd,31,Day 1 page 6,1,6,content/days/day-01/02-rediscovered.qmd,Y,,,"As I said back on page 29 (which in turn recalled something on Day 1 page 6), delegates having some qualification in Statistics could be something of a problem in my seminars. Initially I did not h..."
concrete,content/appendix/optional-extras/06-part-f-technical.qmd,11,Day 3 page 19,3,19,content/days/day-03/06-six-processes.qmd,Y,,,"When introducing control charts (for one-at-a-time data) to delegates at my seminars, reactions were usually very positive, even from those who started out by saying such things as ""I can't do Stat..."
concrete,content/appendix/optional-extras/06-part-f-technical.qmd,454,Day 2 page 20,2,20,content/days/day-02/05-the-truth-the-whole-truth-and-nothing-but.qmd,Y,,,Before returning to the matter of how to easily obtain numerical values for all those binomial probabilities (binomial coefficients and all!) there is one loose end to tidy up. So in the two Option...
concrete,content/days/day-01/03-statistics.qmd,147,Day 4 page 26,4,26,content/days/day-04/04-points-1-to-6.qmd,Y,,,Deming’s famous 14 Points for Management: “Institute training” that you will see on [Day 4 page 26](../day-04/04-points-1-to-6.qmd#sec-page26) *[WB 66]*:
concrete,content/days/day-01/08-attraction.qmd,163,Day 6 page 10,6,10,content/days/day-06/02-gallery-furniture.qmd,Y,,,management wondered why half were still below average” ([Day 6 page 10](../day-06/02-gallery-furniture.qmd#sec-page10)).
concrete,content/days/day-02/02-intro-to-the-red-beads-experiment.qmd,8,Day 1 page 38,1,38,content/days/day-01/11-deming-story.qmd,Y,,,"If you explore the internet, you are likely to find several links to videos involving the Red Beads Experiment. However, most of them, whether or not they feature Dr Deming himself, offer only shor..."
concrete,content/days/day-02/04-our-first-control-chart.qmd,34,Day 1 page 5,1,5,content/days/day-01/03-statistics.qmd,Y,,,"[]{#sec-page15}Let's recall a couple of short extracts from Day 1. Firstly from [Day 1 page 5](../day-01/03-statistics.qmd#sec-page5), when discussing what is meant by ""understanding variation"", we..."
concrete,content/days/day-02/04-our-first-control-chart.qmd,38,Day 1 page 33,1,33,content/days/day-01/11-deming-story.qmd,Y,,,"And then on [Day 1 page 33](../day-01/11-deming-story.qmd#sec-page33), to emphasise the point, the ninth of the ten Shewhart ""bare bones"" was:"
concrete,content/days/day-02/05-the-truth-the-whole-truth-and-nothing-but.qmd,127,Day 1 page 8,1,8,content/days/day-01/03-statistics.qmd,Y,,,"As mentioned earlier, it is important to emphasise that this particular choice of σ does \emph{not} apply to many other kinds of process data. A method that can be employed much more generally will..."
concrete,content/days/day-02/09-postscript.qmd,34,Day 3 page 19,3,19,content/days/day-03/06-six-processes.qmd,Y,,,"As mentioned on page 11 of the introductory Welcome section, you will need to carry out some preparation for your Major Activity 3-a on Day 3. It was envisaged there that this and all such activiti..."
concrete,content/days/day-02/09-postscript.qmd,36,Day 3 page 36,3,36,content/days/day-03/10-introduction-to-the-funnel-experiment.qmd,Y,,,Day 3's Major Activity is a complete version of the Funnel Experiment although it uses different equipment from Dr Nelson's original version. The original version would need much *more* preparation...
concrete,content/days/day-02/09-postscript.qmd,36,Day 3 page 33,3,33,content/days/day-03/09-the-six-processes-revisited.qmd,Y,,,Day 3's Major Activity is a complete version of the Funnel Experiment although it uses different equipment from Dr Nelson's original version. The original version would need much *more* preparation...
concrete,content/days/day-03/04-more-on-the-sales-data.qmd,47,Day 2 page 4,2,4,content/days/day-02/01-run-charts.qmd,Y,,,Let's gather together some thoughts. What might our basic learning about variation tell us? One crucial matter which is (a) obvious but (b) largely ignored by those who lack such basic learning is ...
concrete,content/days/day-03/05-how-do-we-compute-control-limits.qmd,6,Day 1 page 7,1,7,content/days/day-01/03-statistics.qmd,Y,,,Let me remind you of something I told you when first referring to the Red Beads Experiment ([Day 1 page 7](../day-01/03-statistics.qmd#sec-page7)):
concrete,content/days/day-03/05-how-do-we-compute-control-limits.qmd,10,Day 2 page 20,2,20,content/days/day-02/05-the-truth-the-whole-truth-and-nothing-but.qmd,Y,,,"Further, during Technical Aid 1 on [Day 2 page 20](../day-02/05-the-truth-the-whole-truth-and-nothing-but.qmd#sec-page20), my introduction to that method for computing control limits was as follows..."
concrete,content/days/day-03/08-control-chart-and-brain.qmd,6,Day 2 page 15,2,15,content/days/day-02/04-our-first-control-chart.qmd,Y,,,"It is now time to revisit the ""simplest guidance"" that Dr Deming gave on how to interpret control charts (near the bottom of [Day 2 page 15](../day-02/04-our-first-control-chart.qmd#sec-page15)):"
concrete,content/days/day-03/08-control-chart-and-brain.qmd,79,Day 1 page 33,1,33,content/days/day-01/11-deming-story.qmd,Y,,,"So, in conclusion and following these various arguments, it's clear that intelligent diagnosis of whether or not a process is in statistical control is preferably not just a matter to be decided up..."
concrete,content/days/day-03/10-introduction-to-the-funnel-experiment.qmd,42,Day 2 page 44,2,44,content/days/day-02/09-postscript.qmd,Y,,,"Finally, as previously warned (on [Day 2 page 44](../day-02/09-postscript.qmd#sec-page44)), you will also need two standard dice (and a shaker if you so wish)."
concrete,content/days/day-03/11-the-first-two-rules-of-the-funnel.qmd,247,Day 5 page 8,5,8,content/days/day-05/02-points-7-to-14.qmd,Y,,,"there's a kind of rule of life stating that the harder we work, the better are our results. But, as Dr Deming often pointed out, it's better to do nothing than to do the *wrong thing!* He was defin..."
concrete,content/days/day-04/01-introduction.qmd,41,Day 1 page 38,1,38,content/days/day-01/11-deming-story.qmd,Y,,,"I liked it! Three succinctly-expressed major foundations of Dr Deming's work, and displayed in a simple diagrammatical form which also clearly broadcasts the message that these very foundations are..."
concrete,content/days/day-04/01-introduction.qmd,47,Day 1 page 33,1,33,content/days/day-01/11-deming-story.qmd,Y,,,The control chart is another supreme example of this combination of simple and profound. It really is (if taught properly) one of the most straightforward of statistical techniques. Yet the learnin...
concrete,content/days/day-04/02-the-joiner-triangle.qmd,105,Day 1 page 37,1,37,content/days/day-01/11-deming-story.qmd,Y,,,"However, as Brian did also include ""statistical thinking"" and ""special and common causes"" in his selection of topics, and so presumably ""charting"" definitely included the control chart! It seems wi..."
concrete,content/days/day-04/04-points-1-to-6.qmd,11,Day 1 page 23,1,23,content/days/day-01/08-attraction.qmd,Y,,,"Notice the connection with the Deming Chain Reaction, finishing up (as in both versions of the Chain Reaction—see the bottom of page 3) with ""provide jobs"". We have already commented ([Day 1 page 2..."
concrete,content/days/day-04/04-points-1-to-6.qmd,59,Day 1 page 27,1,27,content/days/day-01/09-different.qmd,Y,,,"<div class=""neave_note"" role=""note"" aria-label=""Author's note"">The reason for the description ""created in Japan"" which Deming included in the statement of this Point may be less obvious now than wh..."
concrete,content/days/day-04/04-points-1-to-6.qmd,173,Day 1 page 35,1,35,content/days/day-01/11-deming-story.qmd,Y,,,"We saw this diagram on [Day 1 page 35](../day-01/11-deming-story.qmd#sec-page35) as the first of Dr Deming's <span class=""deming_quote"">""Summary of Teachings to Top Management and to Engineers in J..."
concrete,content/days/day-05/03-the-deadly-diseases.qmd,144,Day 4 page 20,4,20,,N,,,"It may be wise at this stage for me to remind you of my warning at the bottom of Appendix page 23 (see also my ""Obsession With Quality"" comment on Day 4 page 20 about the danger of merely stopping ..."
concrete,content/days/day-05/03-the-deadly-diseases.qmd,258,Day 4 page 5,4,5,,N,,,"This fifth Deadly Disease can come as a shock even to those who are warming to Deming's teachings—especially if they are statisticians or accountants! So what are these ""most important"" but invisib..."
concrete,content/days/day-05/03-the-deadly-diseases.qmd,338,Day 1 page 15,1,15,content/days/day-01/05-activities.qmd,Y,,,"Day 6 is the first time that this happens—and it happens in quite a big way. However, it may of course be that you personally are not currently involved with any organisation, either as an employee..."
concrete,content/days/day-05/03-the-deadly-diseases.qmd,342,Day 6 page 19,6,19,,N,,,"One further considerable help with this Major Activity would be, if possible, for you to print out an enlargement of the table on Day 6 page 19 *[WB 101]*. This is a table in which you will need to..."
concrete,content/days/day-05/03-the-deadly-diseases.qmd,342,Day 6 page 18,6,18,,N,,,"One further considerable help with this Major Activity would be, if possible, for you to print out an enlargement of the table on Day 6 page 19 *[WB 101]*. This is a table in which you will need to..."
concrete,content/days/day-06/01-introduction.qmd,56,Day 5 page 10,5,10,,N,,,"However, despite getting into such sad short stories toward the end of today's material, I promise you that we'll finish on what I found to be a very positive note. Admittedly it is something of a ..."
concrete,content/days/day-06/01-introduction.qmd,60,Day 1 page 15,1,15,content/days/day-01/05-activities.qmd,Y,,,"Recall that, at the end of Day 5, I gave you advance notice that today's Activities will ask you to focus some attention on ""your organisation"". The Activity which follows is the first such occasio..."
concrete,content/days/day-06/01-introduction.qmd,67,Day 7 page 9,7,9,,N,,,"Today involves rather less than the fairly full day's work designed for most days in this course. So, if you need more time on parts of today's study than I am suggesting, you will find my timings ..."
concrete,content/days/day-06/03-activity-6b.qmd,15,Day 5 page 28,5,28,,N,,,"Now that you know what this Major Activity involves, I also strongly recommend that you take my advice on Day 5 page 28 by reading through Mack's story once more before continuing any further. Read..."
concrete,content/days/day-07/01-introduction.qmd,8,Day 1 page 27,1,27,content/days/day-01/09-different.qmd,Y,,,"For those who attended one of Dr Deming's four-day seminars but arrived with little prior knowledge of what he would be saying (as was the case with most of those delegates in London in July 1985),..."
concrete,content/days/day-07/02-numerical-targets.qmd,8,Day 5 page 22,5,22,,N,,,"First, a reminder about appraisals. I've pointed out on Day 5 page 22 [WB 90] that the term ""performance appraisal"" means different things to different people. If it is really true that an organisa..."
concrete,content/days/day-07/02-numerical-targets.qmd,24,Day 5 page 27,5,27,,N,,,"What I mean by the second category is guidance and help for you to understand how to try to contribute well to the organisation's and/or your team's needs and objectives. Further, it can sometimes ..."
concrete,content/days/day-07/02-numerical-targets.qmd,26,Day 5 page 26,5,26,,N,,,"Of course, Dr Deming was not criticising Category 2; and facts of life are facts of life (c.f. his reference to the bank account in the final Deadly Disease (Day 5 page 26 [WB 94]). His frequent ""v..."
concrete,content/days/day-07/03-performance-indicators.qmd,47,Day 6 page 11,6,11,,N,,,"Let me return for a moment to Mack's presentation yesterday. Back in 1991, when first hearing him tell his story of Gallery Furniture, there was one particular moment when my eyebrows shot up in su..."
concrete,content/days/day-07/03-performance-indicators.qmd,49,Day 6 page 10,6,10,content/days/day-06/02-gallery-furniture.qmd,Y,,,"But Mack was not in that ""large majority of circumstances"". His situation was far more favourable than most. For a start, he was (and still is at this time of writing, well over 25 years later) the..."
concrete,content/days/day-07/03-performance-indicators.qmd,55,Day 6 page 12,6,12,,N,,,"You see, I have known people who, with all best intentions (and, indeed, Deming warned us about best intentions), having learned quite a lot of what Deming had to teach, then advanced too bravely a..."
concrete,content/days/day-07/04-many-more-true-stories.qmd,67,Day 1 page 7,1,7,content/days/day-01/03-statistics.qmd,Y,,,"*I'll further remind you from Day 1 page 7 that Deming ""was also clear that, the more senior someone is in the organisation, the more essential such [communication] ability becomes. As far as he wa..."
concrete,content/days/day-07/05-thirteenth-obstacle.qmd,16,Day 6 page 8,6,8,,N,,,"To confirm, this is just the same thinking as we have with targets except that ""OK"" now corresponds to being within the range defined by two numbers whereas, with targets, ""OK"" corresponds to reach..."
concrete,content/days/day-07/05-thirteenth-obstacle.qmd,16,Day 6 page 22,6,22,,N,,,"To confirm, this is just the same thinking as we have with targets except that ""OK"" now corresponds to being within the range defined by two numbers whereas, with targets, ""OK"" corresponds to reach..."
concrete,content/days/day-07/07-major-activity.qmd,63,Day 1 page 8,1,8,content/days/day-01/03-statistics.qmd,Y,,,"**6. [Poor teaching of statistical methods in industry.]{.blue-text}** (*Out of the Crisis* pages 111–113[131–133]; Appendix pages 33–34.) A basic problem here is that the large majority of ""conven..."
concrete,content/days/day-07/07-major-activity.qmd,111,Day 6 page 11,6,11,,N,,,"**14. [The fallacy of zero defects.]{.blue-text}** (*Out of the Crisis* pages 119–120[141–142]; Appendix page 36.) With ""defect"" = ""outside specifications"", this is equivalent to Obstacle 13 above...."
concrete,content/days/day-07/07-major-activity.qmd,123,Day 6 page 6,6,6,,N,,,"**16. [""Anyone that comes to try to help us must understand all about our business.""]{.blue-text}** (*Out of the Crisis* page 121[143]; Appendix page 37.) Strongly linked with Obstacle 4 (page 29) ..."
concrete,content/days/day-07/07-major-activity.qmd,145,Day 8 page 3,8,3,,N,,,"Depending on your circumstances, you may find yourself able to work through tomorrow's Major Activity fairly quickly. However, that exercise is naturally customisable to your own particular circums..."
concrete,content/days/day-08/01-introduction.qmd,8,Day 5 page 22,5,22,,N,,,"In a nutshell, Peter Scholtes's ""tremendously good guidance"" referenced on Day 5 page 22 [WB 90] regarding major issues was that, in general, management needs to start to develop some right things ..."
concrete,content/days/day-08/01-introduction.qmd,74,Day 7 page 36,7,36,,N,,,2. On Day 7 page 36 I advised you that you would need to print some copies of the tables to be used in today's Major Activity. I recommend that you print out single-sided copies of those tables. Fo...
concrete,content/days/day-08/05-introduction-to-the-major-activity.qmd,60,Day 1 page 37,1,37,content/days/day-01/11-deming-story.qmd,Y,,,"So what's the third phase? This is the one that really reflects Deming's *Dream* (see Day 1 page 37): ""This formation of a *System* was *of management*"" (although the style of management that could..."
concrete,content/days/day-08/05-introduction-to-the-major-activity.qmd,98,Day 10 page 11,10,11,,N,,,"Then we move on to the third phase: the really solid understanding of the organisation as a system, Cooperation: Win-Win, ""All One Team"", etc. The *whole* emphasis is now on what is best for the *s..."
concrete,content/days/day-08/06-major-activity.qmd,167,Day 9 page 15,9,15,,N,,,"It would be very handy during Day 9's Major Activity for you to use separate copies of Day 9 pages 13–14 [WB 146–147] at Stages 3 and 4 of that Activity. The reason is that, during the final (fifth..."
concrete,content/days/day-08/06-major-activity.qmd,167,Day 9 page 29,9,29,,N,,,"It would be very handy during Day 9's Major Activity for you to use separate copies of Day 9 pages 13–14 [WB 146–147] at Stages 3 and 4 of that Activity. The reason is that, during the final (fifth..."
concrete,content/days/day-08/06-major-activity.qmd,167,Day 9 page 27,9,27,,N,,,"It would be very handy during Day 9's Major Activity for you to use separate copies of Day 9 pages 13–14 [WB 146–147] at Stages 3 and 4 of that Activity. The reason is that, during the final (fifth..."
concrete,content/days/day-09/01-introduction.qmd,8,Day 1 page 39,1,39,content/days/day-01/11-deming-story.qmd,Y,,,"Today's material is in two very distinct halves. As implied by the form of the above title, this morning's focus is on the concept of a ""system"". You are, of course, already quite familiar with thi..."
concrete,content/days/day-09/01-introduction.qmd,16,Day 1 page 25,1,25,content/days/day-01/08-attraction.qmd,Y,,,"I would describe what I have included in this morning's material as just sketching a background, rather like an artist's very broad brush-strokes at the earliest stages of creating a painting, with..."
concrete,content/days/day-09/03-activity-9c-and-organisation-charts.qmd,81,Day 6 page 13,6,13,,N,,,"More generally, if things do not seem to be working well in some part of an organisation, what is it that ""feeds in"" to that part of the organisation that might be causing the trouble? If salespeop..."
concrete,content/days/day-09/05-of-profound-knowledge.qmd,12,Day 1 page 39,1,39,content/days/day-01/11-deming-story.qmd,Y,,,"On Day 1 page 39 I described Deming's System of Profound Knowledge as ""his attempt, sometimes with the wisdom of hindsight, to summarise the core, the guts, the essence of his whole life's work"". B..."
concrete,content/days/day-09/05-of-profound-knowledge.qmd,12,Day 6 page 6,6,6,,N,,,"On Day 1 page 39 I described Deming's System of Profound Knowledge as ""his attempt, sometimes with the wisdom of hindsight, to summarise the core, the guts, the essence of his whole life's work"". B..."
concrete,content/days/day-09/05-of-profound-knowledge.qmd,36,Day 1 page 39,1,39,content/days/day-01/11-deming-story.qmd,Y,,,You may notice that the titles of the four parts of the System of Profound Knowledge as presented on *DemDim* page 261 are slightly different from those that you have just seen here. That is not un...
concrete,content/days/day-09/05-of-profound-knowledge.qmd,84,Day 2 page 16,2,16,,N,,,"More suggestions on how to proceed will be given in the individual Sections. But as the above examples might have suggested to you, do *not* worry about being unsure or even quite confused about so..."
concrete,content/days/day-09/06-introductions-to-the-system.qmd,72,Day 10 page 25,10,25,,N,,,"[*[*These techniques from ""conventional statistics"" are only appropriate for so-called ""enumerative studies"". What ability do such techniques have to predict, to aid improvement? Are they designed ..."
concrete,content/days/day-09/06-introductions-to-the-system.qmd,84,Day 11 page 4,11,4,,N,,,[*[*The main substance of this final paragraph will be revisited at the start of the Theory of Knowledge section on Day 11 page 4 [WB 186].*]*]{.deming_quote}
concrete,content/days/day-10/01-second-project.qmd,21,Day 9 page 24,9,24,,N,,,"But that's relatively easy: repair or replace the faulty component. However, that's not so easy if the components are human! How can human ""components"" be enabled and encouraged to do their jobs in..."
concrete,content/days/day-10/01-second-project.qmd,27,Day 9 page 30,9,30,,N,,,"I hope you are working at a reasonable-sized table or desk! For, if you have been able to carry out the copying that I suggested at the top of Day 9 page 30, you can now have no less than five item..."
concrete,content/days/day-10/02-appreciation-for-a-system.qmd,32,Day 9 page 2,9,2,,N,,,"So this is about what Dr Deming (amongst others) refers to as a ""system"" and describes as a ""network"". To illustrate this, William W Scherkenbach (a Director of Ford of America) drew the diagram on..."
concrete,content/days/day-10/02-appreciation-for-a-system.qmd,106,Day 7 page 35,7,35,,N,,,Any system needs guidance from outside. The string quartet mentioned above may well study under a master. The master need not be present at a performance. [*Cf. the final Obstacle to the Transforma...
concrete,content/days/day-10/02-appreciation-for-a-system.qmd,110,Day 9 page 2,9,2,,N,,,A large organisation will require someone in the position of aide to the president to teach and facilitate Profound Knowledge. [*This was Bill Scherkenbach's role in the Ford Motor Company (remembe...
concrete,content/days/day-10/02-appreciation-for-a-system.qmd,114,Day 9 page 2,9,2,,N,,,"A flow diagram [*remember what he means by this term: the famous diagram on Day 9 page 2*] is helpful toward understanding a system. By understanding a system, one may be able to trace the conseque..."
concrete,content/days/day-10/02-appreciation-for-a-system.qmd,187,Day 5 page 27,5,27,,N,,,"- Work standards for production; quotas for sales; quotas for accidents and breakdowns; [*If necessary, refer back to Day 5 page 27 to remind yourself of more about what Deming meant by ""work stand..."
concrete,content/days/day-10/02-appreciation-for-a-system.qmd,194,Day 7 page 22,7,22,,N,,,"Fortunately, precise optimisation is not necessary. One need only come close to optimisation. As a matter of fact, the precise optimum would be difficult to define. The loss function will apply [*a..."
concrete,content/days/day-10/03-activity-10a.qmd,11,Day 9 page 28,9,28,,N,,,"Now it's time to revisit the 14 Points and Deadly Diseases. **In light of your understanding of ""Appreciation for a System"", how important is it to adopt the Point or cure the Disease---and why?** ..."
concrete,content/days/day-10/03-activity-10a.qmd,13,Day 9 page 27,9,27,,N,,,"As mentioned on Day 9 page 27, in each case please put a number on a 0--5 scale in the box provided. Enter ""5"" if, from your understanding of ""Appreciation for a System"" (or whichever of the four p..."
concrete,content/days/day-10/04-theory-of-variation.qmd,53,Day 9 page 29,9,29,,N,,,"(So, again, it's now over to you for reactions, comments, etc throughout Part B. Keep an eye on Step 2 in the guidance which was summarised on Day 9 page 29.)"
concrete,content/days/day-10/04-theory-of-variation.qmd,120,Day 7 page 30,7,30,,N,,,"*The essential issues in this item were briefly alluded to in Obstacle 6 on Day 7 page 30. I'll expand a little on them here. A ""frame"" is some finite collection or ""population"". Examples are sugge..."
concrete,content/days/day-10/04-theory-of-variation.qmd,132,Day 7 page 22,7,22,,N,,,"10. Knowledge about loss functions in relation to optimisation of performance of a system. Which quality-characteristic has the steepest loss function, and is hence most critical for management to ..."
concrete,content/days/day-10/04-theory-of-variation.qmd,160,Day 7 page 35,7,35,,N,,,"13. As a good rule, Profound Knowledge must come from the outside, and by invitation. Profound Knowledge cannot be forced onto anybody. [*Note that this provides a strong link with the final member..."
concrete,content/days/day-10/06-out-of-hours-note.qmd,13,Day 9 page 22,9,22,,N,,,"In both cases there are no more than three pages for you in *DemDim* Chapter 18: pages 274–276 and pages 277–279 respectively. In Balaji's Preludes also pages 15–19 and 20–25. As previously, I sugg..."
concrete,content/days/day-11/04-theory-of-knowledge-operational-definitions.qmd,32,Day 7 page 11,7,11,,N,,,"1. **punctual:** I guess none of us would have much difficulty in defining the word ""punctual"", say in relation to the arrival time of a train at a station. However, recalling what we saw on Day 7 ..."
concrete,content/days/day-11/05-activity-11a.qmd,11,Day 10 page 16,10,16,,N,,,"This Activity is as those on Day 10, but now in connection with Part C: ""Theory of Knowledge"" (check back to Day 10 page 16 if need be). However, here I would recommend a widening of emphasis. Most..."
concrete,content/days/day-11/06-knowledge-of-psychology.qmd,32,Day 9 page 9,9,9,,N,,,"Note also that, as you would expect, Deming concentrates in this opening statement on the interactions between people and all sorts of things---<em>interactions</em>: the big feature of systems. In..."
concrete,content/days/day-11/06-knowledge-of-psychology.qmd,179,Day 7 page 8,7,8,,N,,,- Removal of a demotivator does not create motivation. [*Refer back to Day 7 page 8 on the danger of leaving a vacuum.*]
concrete,content/days/day-11/08-coda.qmd,15,Day 12 page 2,12,2,,N,,,I need to give you advance notice of some unusual equipment you'll need to find in order to carry out one of Day 12's Activities (see the middle of Day 12 page 2). Make a note in your diary!
concrete,content/days/day-11/08-coda.qmd,19,Day 12 page 9,12,9,,N,,,"You would also find it useful to make some extra copies of Day 12 page 9 [*WB* 218] or, preferably, enlargements of the diagram on that page. Finally, a separate copy of the table on Day 12 page 4 ..."
concrete,content/days/day-11/08-coda.qmd,19,Day 12 page 4,12,4,,N,,,"You would also find it useful to make some extra copies of Day 12 page 9 [*WB* 218] or, preferably, enlargements of the diagram on that page. Finally, a separate copy of the table on Day 12 page 4 ..."
concrete,content/days/day-12/02-your-radar-diagram.qmd,17,Day 11 page 36,11,36,,N,,,Your first task is simply to collect together all of your 0--5 scores from Activities 10a–b and 11a–b into the table on page 4. If you haven't printed out an extra copy of that table (suggested on ...
concrete,content/days/day-12/02-your-radar-diagram.qmd,59,Day 8 page 16,8,16,,N,,,"Do you recall [The 14 Points ... follow naturally ...]{.deming_quote} (Day 8 page 16)? So let's see! Now, it would be unrealistic to think that you---or anybody else, including myself!---would have..."
concrete,content/days/day-12/02-your-radar-diagram.qmd,63,Day 5 page 1,5,1,,N,,,"If the radar diagram indicates that one or two of the Points need some further attention, you could browse through the relevant chapter(s) in *DemDim* Part 5 (where there is a separate chapter on e..."
concrete,content/days/day-12/02-your-radar-diagram.qmd,69,Day 11 page 9,11,9,,N,,,"However, in addition, if at some time in the future you would like to study a rather different---though highly compatible---approach to the System of Profound Knowledge, I'll refer you again to Bil..."
concrete,content/days/day-12/03-wisdom-from-peter-scholtes.qmd,29,Day 9 page 22,9,22,,N,,,"As mentioned when we first saw it on Day 1, Peter's diagram of the System of Profound Knowledge immediately depicts the interlinking nature of the four parts of the System. But there were no words ..."
concrete,content/days/day-12/04-but-what-can-i-do.qmd,11,Day 7 page 28,7,28,,N,,,Let me first quote some wise words from Dr Deming that apply to seniors and juniors alike. This short section comes from near the beginning of *The New Economics* Chapter 4. These are some thoughts...
concrete,content/days/day-12/04-but-what-can-i-do.qmd,92,Day 10 page 5,10,5,,N,,,"Think hard about, and identify, the true aim of your personal system. *[Recall that you worked on the concept of the* aim *of a system on Day 10 page 5. But there, similarly as with the flow diagra..."
concrete,content/days/day-12/07-major-activity-12e.qmd,51,Day 10 page 9,10,9,,N,,,"Since you have now nearly completed this course, assume you have been promoted to the position referred to by Dr Deming on Day 10 page 9 as [aide to the president]{.deming_quote}, ""the president"" b..."
concrete,content/days/day-12/08-epilogue.qmd,9,Day 1 page 36,1,36,content/days/day-01/11-deming-story.qmd,Y,,,This is an extract from the soundtrack near the end of *The Deming of America*. You first read part of the Narrator's introduction and saw the picture of the medal long ago: on Day 1 page 36.
fuzzy,content/appendix/00-welcome.qmd,17,Day 6,6,,,,,,"**Before Day 6.** For some extra pages of printing for your convenience during Day 6’s Major Activity, etc: see Day 5 page 28. On this page there is also a reminder to prepare for “your organisatio..."
fuzzy,content/appendix/00-welcome.qmd,19,Day 8,8,,,,,,**Before Day 8.** For some extra copies to aid you in Day 8’s Major Activity: see Day 7 page 36 and Day 8 page 3.
fuzzy,content/appendix/01-day-1.qmd,9,Day 3,3,,,,,,"In the “Springboard” article just mentioned on Day 1 page 8, as indeed in much of my other writing, I have largely followed the guidance of Dr Donald J Wheeler by using some language which is diffe..."
fuzzy,content/appendix/04-day-4.qmd,31,Day 12,12,,,,,,"This Activity reminds me of an e-mail I received from my friend Dave Young after he had read through parts of this course while on holiday early in 2015 (there is more from Dave elsewhere, especial..."
fuzzy,content/appendix/10-optional-extras.qmd,115,Day 3,3,,,,,,"During Day 3 you were introduced to the ancient but valuable study by Don Wheeler of ""A Japanese Control Chart"": it is examined in some detail in Part B of the Optional Extras. There is a yet more ..."
fuzzy,content/appendix/contributions-balaji-reddie/02-prelude-b-statistical-thinking.qmd,80,Day 1,1,,,,,,|  | Day 1 | Day 2 | Day 3 | Day 4 | Average |
fuzzy,content/appendix/contributions-balaji-reddie/04-prelude-d-people.qmd,59,Day 8,8,,,,,,During Day 8 there was much emphasis on the advantages of cooperation over competition. The Major Activity there was an effective demonstration of the gains that cooperation can produce—so much so ...
fuzzy,content/appendix/optional-extras/00-introduction.qmd,69,Day 3,3,,,,,,"If you are intending to study Part A: ""Using Control Charts on Funnel Experiment data"" then on pages 6 and 7 you will need to draw run-charts and then control charts of your data for the first two ..."
fuzzy,content/appendix/optional-extras/05-part-e-normality.qmd,71,Day 3,3,,,,,,"- because control-chart constants that are used in computation of control limits, such as the 2.66 which we became familiar with on Day 3, are derived from normal distribution theory (as indeed the..."
fuzzy,content/appendix/optional-extras/06-part-f-technical.qmd,77,Day 7,7,,,,,,"On Day 7, Deming cited [""We installed quality control""]{style=""color: blue""} as an [""Obstacle to the Transformation""]{style=""color: blue""}. There's always more to learn!"
fuzzy,content/days/day-01/06-outline.qmd,74,Day 2,2,,,,,,"Tomorrow, on Day 2, we shall describe and work with Dr Deming’s renowned “Experiment on the Red"
fuzzy,content/days/day-01/06-outline.qmd,125,Day 6,6,,,,,,taught about those matters: there are also a few such stories at the end of Day 6 to provide a stark contrast
fuzzy,content/days/day-01/07-quality-theory.qmd,147,Day 11,11,,,,,,modifying or even abandoning (c.f. the Deming Cycle on [Day 11](day_11.html)).
fuzzy,content/days/day-02/05-the-truth-the-whole-truth-and-nothing-but.qmd,125,Day 1,1,,,,,,"If during Day 1 you read the discussion in the Appendix about the first paradox then you may recall Dr Deming's mention of Shewhart's ""3σ-limits"" (σ is a Greek letter, pronounced ""sigma""). The cont..."
fuzzy,content/days/day-02/06-your-turn.qmd,391,Day 2,2,,,,,,"- On Day 2 for Al: <span class=""foreman-remark"">“You were yesterday’s top performer—must have let it go to your head.”</span>"
fuzzy,content/days/day-03/01-variation-the-enemy-of-quality.qmd,10,Day 1,1,,,,,,"As already indicated on [Day 1](../day-01/01-overture.qmd), much of the way Statistics is usually taught involves [A] data and [B] probability and probability distributions. (Again, as I made clear..."
fuzzy,content/days/day-03/08-control-chart-and-brain.qmd,22,Day 7,7,,,,,,You may recall that the Ford histograms on page 5 showed the positions of Lower and Upper Specification Limits. Deming's disapproval of judging quality merely in terms of conformance to specificati...
fuzzy,content/days/day-04/01-introduction.qmd,14,Day 7,7,,,,,,"That compares interestingly with the five ""Deadly Diseases"" of Western management (which we shall get to tomorrow). These are also well-covered in *Out of the Crisis* but appear in the earlier book..."
fuzzy,content/days/day-05/03-the-deadly-diseases.qmd,316,Day 6,6,,,,,,"That's it! Congratulations on completing this major project. You may now relax and look forward to a considerably shorter and less challenging Day 6! However, please see the note overleaf."
fuzzy,content/days/day-05/03-the-deadly-diseases.qmd,340,Day 6,6,,,,,,"The material for Day 6 includes a substantial case study on pages 7–16. Day 6's Major Activity then follows on pages 18–20. After you've read the first few paragraphs of the Major Activity, I'll su..."
fuzzy,content/days/day-07/01-introduction.qmd,12,Day 6,6,,,,,,"Some 35 or so years later, our situation has become both paradoxical and self-contradictory. On the one hand, numerous people now have some considerable awareness of the shortcomings of employing s..."
fuzzy,content/days/day-07/01-introduction.qmd,38,Day 6,6,,,,,,"Finally, I'll say a little about the second of the four parts, which continues the series of short true stories that began toward the end of Day 6. There is rather more involved with these true sto..."
fuzzy,content/days/day-08/01-introduction.qmd,32,Day 6,6,,,,,,"As will have been clear to you on Day 6, during the 1980s Gallery Furniture was infested with many of the major issues discussed yesterday and more besides: appraisals, reward and punishment, ranki..."
fuzzy,content/days/day-09/05-of-profound-knowledge.qmd,42,Day 11,11,,,,,,"I have always liked the May 1990 version which is reproduced in its entirety within the material between today's page 24 and the end of Day 11, unchanged apart from occasional rewording and reorder..."
fuzzy,content/days/day-09/05-of-profound-knowledge.qmd,60,Day 1,1,,,,,,"So let's be clear about the purpose of this two-day project. In one sense it is ambitious, but not ridiculously so. In another sense it's quite limited: the purpose is definitely not ""to learn all ..."
fuzzy,content/days/day-09/06-introductions-to-the-system.qmd,36,Day 11,11,,,,,,"So, as with the introduction in *DemDim*, all the main text in what follows is Dr Deming's. My own comments within his writing appear in *italics* and are enclosed in square brackets. The same will..."
fuzzy,content/days/day-09/06-introductions-to-the-system.qmd,64,Day 11,11,,,,,,"[Management of a system is action based on prediction. Rational prediction requires systematic learning *[*a good example, learning through the PDSA-Plan-Do-Study-Act-cycle which we shall cover on ..."
fuzzy,content/days/day-11/03-theory-of-knowledge-theory-and-learning.qmd,74,Day 6,6,,,,,,"[Recall my warnings about case studies on the opening page of Day 6. Also, isn't it possible to find examples of success of just about <strong>any</strong> idea or proposal? The trouble is that you..."
fuzzy,content/days/day-11/06-knowledge-of-psychology.qmd,9,Day 9,9,,,,,,For Part D we return to the more usual procedure as described on Day 9 and as largely used for both Parts A and B yesterday.
fuzzy,content/days/day-11/06-knowledge-of-psychology.qmd,74,Day 12,12,,,,,,"[Yet again we return to the issue of the major sources of difficulty and waste being the systems (common-cause variation) within which people work, rather than the people themselves (possibly part ..."
